<?xml version='1.0' encoding='utf-8' ?>
<!DOCTYPE document SYSTEM "file:///C:/Xilinx/14.4/ISE_DS/ISE/xbr/data/xmlReportxbr.dtd">
<document><ascFile>FourBitALU.rpt</ascFile><devFile>C:/Xilinx/14.4/ISE_DS/ISE/xbr/data/xc2c64a.chp</devFile><mfdFile>FourBitALU.mfd</mfdFile><htmlFile logic_legend="logiclegend.htm" logo="coolrunnerII_logo.jpg" pin_legend="pinlegend.htm"/><header date="10-31-2013" design="FourBitALU" device="XC2C64A" eqnType="1" pkg="VQ44" speed="-7" status="1" statusStr="Successful" swVersion="P.49d" time="  2:48PM" version="1.0"/><inputs id="registerA3_SPECSIG"/><inputs id="registerB3_SPECSIG"/><inputs id="registerB2_SPECSIG"/><inputs id="registerA2_SPECSIG"/><inputs id="opCode3_SPECSIG"/><inputs id="opCode2_SPECSIG"/><inputs id="opCode1_SPECSIG"/><inputs id="registerA1_SPECSIG"/><inputs id="registerB1_SPECSIG"/><inputs id="registerA0_SPECSIG"/><inputs id="registerB0_SPECSIG"/><inputs id="opCode0_SPECSIG"/><pin id="FB1_MC1_PIN38" iostd="LVCMOS18" pinnum="38" signal="dataOut2_SPECSIG" use="O"/><pin id="FB1_MC2_PIN37" iostd="LVCMOS18" pinnum="37" signal="dataOut3_SPECSIG" use="O"/><pin id="FB1_MC3_PIN36" iostd="LVCMOS18" pinnum="36" signal="dataOut1_SPECSIG" use="O"/><pin id="FB1_MC9_PIN34" iostd="LVCMOS18" pinnum="34" signal="dataOut0_SPECSIG" use="O"/><pin id="FB1_MC10_PIN33" iostd="LVCMOS18" iostyle="KPR" pinnum="33" signal="opCode0_SPECSIG" use="I"/><pin id="FB1_MC11_PIN32" iostd="LVCMOS18" iostyle="KPR" pinnum="32" signal="opCode1_SPECSIG" use="I"/><pin id="FB1_MC12_PIN31" iostd="LVCMOS18" iostyle="KPR" pinnum="31" signal="opCode2_SPECSIG" use="I"/><pin id="FB1_MC13_PIN30" iostd="LVCMOS18" iostyle="KPR" pinnum="30" signal="opCode3_SPECSIG" use="I"/><pin id="FB2_MC1_PIN39" iostd="LVCMOS18" pinnum="39" signal="carryOut" use="O"/><pin id="FB2_MC2_PIN40" iostd="LVCMOS18" iostyle="KPR" pinnum="40" signal="registerA0_SPECSIG" use="I"/><pin id="FB2_MC5_PIN41" iostd="LVCMOS18" iostyle="KPR" pinnum="41" signal="registerA1_SPECSIG" use="I"/><pin id="FB2_MC6_PIN42" iostd="LVCMOS18" iostyle="KPR" pinnum="42" signal="registerA2_SPECSIG" use="I"/><pin id="FB2_MC7_PIN43" iostd="LVCMOS18" iostyle="KPR" pinnum="43" signal="registerA3_SPECSIG" use="I"/><pin id="FB2_MC8_PIN44" iostd="LVCMOS18" iostyle="KPR" pinnum="44" signal="registerB0_SPECSIG" use="I"/><pin id="FB2_MC10_PIN1" iostd="LVCMOS18" iostyle="KPR" pinnum="1" signal="registerB1_SPECSIG" use="I"/><pin id="FB2_MC12_PIN2" iostd="LVCMOS18" iostyle="KPR" pinnum="2" signal="registerB2_SPECSIG" use="I"/><pin id="FB2_MC13_PIN3" iostd="LVCMOS18" iostyle="KPR" pinnum="3" signal="registerB3_SPECSIG" use="I"/><pin id="FB3_MC1_PIN29" pinnum="29"/><pin id="FB3_MC2_PIN28" pinnum="28"/><pin id="FB3_MC3_PIN27" pinnum="27"/><pin id="FB3_MC6_PIN23" pinnum="23"/><pin id="FB3_MC10_PIN22" pinnum="22"/><pin id="FB3_MC11_PIN21" pinnum="21"/><pin id="FB3_MC12_PIN20" pinnum="20"/><pin id="FB3_MC14_PIN19" pinnum="19"/><pin id="FB3_MC15_PIN18" pinnum="18"/><pin id="FB4_MC1_PIN5" pinnum="5"/><pin id="FB4_MC2_PIN6" pinnum="6"/><pin id="FB4_MC7_PIN8" pinnum="8"/><pin id="FB4_MC11_PIN12" pinnum="12"/><pin id="FB4_MC13_PIN13" pinnum="13"/><pin id="FB4_MC14_PIN14" pinnum="14"/><pin id="FB4_MC15_PIN16" pinnum="16"/><pin id="FB_PIN35" pinnum="35" use="VCCAUX"/><pin id="FB_PIN7" pinnum="7" use="VCCIO-1.8"/><pin id="FB_PIN15" pinnum="15" use="VCC"/><pin id="FB_PIN26" pinnum="26" use="VCCIO-1.8"/><fblock id="FB1" pinUse="8"><macrocell id="FB1_MC1" pin="FB1_MC1_PIN38" sigUse="13" signal="dataOut2_SPECSIG"><eq_pterm ptindx="FB1_22"/><eq_pterm ptindx="FB1_25"/><eq_pterm ptindx="FB1_27"/><eq_pterm ptindx="FB1_26"/><eq_pterm ptindx="FB1_29"/><eq_pterm ptindx="FB1_23"/><eq_pterm ptindx="FB1_24"/><eq_pterm ptindx="FB1_21"/><eq_pterm ptindx="FB1_30"/><eq_pterm ptindx="FB1_31"/><eq_pterm ptindx="FB1_28"/></macrocell><macrocell id="FB1_MC2" pin="FB1_MC2_PIN37" sigUse="12" signal="dataOut3_SPECSIG"><eq_pterm ptindx="FB1_45"/><eq_pterm ptindx="FB1_46"/><eq_pterm ptindx="FB1_36"/><eq_pterm ptindx="FB1_32"/><eq_pterm ptindx="FB1_39"/><eq_pterm ptindx="FB1_37"/><eq_pterm ptindx="FB1_34"/><eq_pterm ptindx="FB1_41"/><eq_pterm ptindx="FB1_33"/><eq_pterm ptindx="FB1_35"/><eq_pterm ptindx="FB1_43"/><eq_pterm ptindx="FB1_40"/><eq_pterm ptindx="FB1_38"/><eq_pterm ptindx="FB1_42"/><eq_pterm ptindx="FB1_44"/></macrocell><macrocell id="FB1_MC3" pin="FB1_MC3_PIN36" sigUse="12" signal="dataOut1_SPECSIG"><eq_pterm ptindx="FB1_12"/><eq_pterm ptindx="FB1_17"/><eq_pterm ptindx="FB1_13"/><eq_pterm ptindx="FB1_10"/><eq_pterm ptindx="FB1_16"/><eq_pterm ptindx="FB1_11"/><eq_pterm ptindx="FB1_18"/><eq_pterm ptindx="FB1_19"/><eq_pterm ptindx="FB1_14"/><eq_pterm ptindx="FB1_20"/><eq_pterm ptindx="FB1_15"/></macrocell><macrocell id="FB1_MC4"/><macrocell id="FB1_MC5"/><macrocell id="FB1_MC6"/><macrocell id="FB1_MC7"/><macrocell id="FB1_MC8"/><macrocell id="FB1_MC9" pin="FB1_MC9_PIN34" sigUse="10" signal="dataOut0_SPECSIG"><eq_pterm ptindx="FB1_9"/><eq_pterm ptindx="FB1_0"/><eq_pterm ptindx="FB1_8"/><eq_pterm ptindx="FB1_2"/><eq_pterm ptindx="FB1_1"/><eq_pterm ptindx="FB1_6"/><eq_pterm ptindx="FB1_3"/><eq_pterm ptindx="FB1_7"/><eq_pterm ptindx="FB1_5"/></macrocell><macrocell id="FB1_MC10" pin="FB1_MC10_PIN33"/><macrocell id="FB1_MC11" pin="FB1_MC11_PIN32"/><macrocell id="FB1_MC12" pin="FB1_MC12_PIN31"/><macrocell id="FB1_MC13" pin="FB1_MC13_PIN30"/><macrocell id="FB1_MC14" sigUse="4" signal="Temp0_SPECSIG"><eq_pterm ptindx="FB1_49"/><eq_pterm ptindx="FB1_55"/></macrocell><macrocell id="FB1_MC15" sigUse="6" signal="Temp1_SPECSIG"><eq_pterm ptindx="FB1_52"/><eq_pterm ptindx="FB1_51"/><eq_pterm ptindx="FB1_53"/><eq_pterm ptindx="FB1_54"/></macrocell><macrocell id="FB1_MC16" sigUse="6" signal="Madd_Temp_addsub0001__or0001"><eq_pterm ptindx="FB1_50"/><eq_pterm ptindx="FB1_47"/><eq_pterm ptindx="FB1_48"/></macrocell><fbinput id="FB1_I1" signal="N_PZ_16"/><fbinput id="FB1_I2" signal="N_PZ_17"/><fbinput id="FB1_I3" signal="N_PZ_20"/><fbinput id="FB1_I4" signal="N_PZ_28"/><fbinput id="FB1_I5" signal="N_PZ_65"/><fbinput id="FB1_I6" signal="N_PZ_71"/><fbinput id="FB1_I7" signal="Temp0_SPECSIG"/><fbinput id="FB1_I8" signal="Temp1_SPECSIG"/><fbinput id="FB1_I9" signal="Temp2_SPECSIG"/><fbinput id="FB1_I10" signal="Temp3_SPECSIG"/><fbinput id="FB1_I11" signal="opCode0_SPECSIG"/><fbinput id="FB1_I12" signal="opCode1_SPECSIG"/><fbinput id="FB1_I13" signal="opCode2_SPECSIG"/><fbinput id="FB1_I14" signal="opCode3_SPECSIG"/><fbinput id="FB1_I15" signal="registerA0_SPECSIG"/><fbinput id="FB1_I16" signal="registerA1_SPECSIG"/><fbinput id="FB1_I17" signal="registerA2_SPECSIG"/><fbinput id="FB1_I18" signal="registerA3_SPECSIG"/><fbinput id="FB1_I19" signal="registerB0_SPECSIG"/><fbinput id="FB1_I20" signal="registerB1_SPECSIG"/><fbinput id="FB1_I21" signal="registerB2_SPECSIG"/><fbinput id="FB1_I22" signal="registerB3_SPECSIG"/><PAL><pterm id="FB1_0"><signal id="opCode3_SPECSIG"/><signal id="opCode2_SPECSIG"/><signal id="opCode1_SPECSIG" negated="ON"/><signal id="registerA1_SPECSIG"/></pterm><pterm id="FB1_1"><signal id="opCode3_SPECSIG" negated="ON"/><signal id="opCode2_SPECSIG"/><signal id="opCode1_SPECSIG"/><signal id="registerA0_SPECSIG"/><signal id="opCode0_SPECSIG"/></pterm><pterm id="FB1_2"><signal id="opCode3_SPECSIG"/><signal id="opCode2_SPECSIG" negated="ON"/><signal id="opCode1_SPECSIG"/><signal id="registerA0_SPECSIG"/><signal id="opCode0_SPECSIG" negated="ON"/></pterm><pterm id="FB1_3"><signal id="opCode3_SPECSIG" negated="ON"/><signal id="opCode2_SPECSIG" negated="ON"/><signal id="opCode1_SPECSIG" negated="ON"/><signal id="registerA0_SPECSIG"/><signal id="opCode0_SPECSIG" negated="ON"/></pterm><pterm id="FB1_4"><signal id="N_PZ_28"/></pterm><pterm id="FB1_5"><signal id="opCode3_SPECSIG"/><signal id="opCode2_SPECSIG" negated="ON"/><signal id="opCode1_SPECSIG" negated="ON"/><signal id="registerA0_SPECSIG"/><signal id="registerB0_SPECSIG"/><signal id="opCode0_SPECSIG"/></pterm><pterm id="FB1_6"><signal id="opCode3_SPECSIG" negated="ON"/><signal id="opCode2_SPECSIG"/><signal id="opCode1_SPECSIG"/><signal id="registerA0_SPECSIG" negated="ON"/><signal id="opCode0_SPECSIG" negated="ON"/></pterm><pterm id="FB1_7"><signal id="opCode3_SPECSIG" negated="ON"/><signal id="opCode2_SPECSIG" negated="ON"/><signal id="opCode1_SPECSIG" negated="ON"/><signal id="registerA0_SPECSIG" negated="ON"/><signal id="opCode0_SPECSIG"/></pterm><pterm id="FB1_8"><signal id="opCode3_SPECSIG"/><signal id="opCode2_SPECSIG" negated="ON"/><signal id="opCode1_SPECSIG"/><signal id="N_PZ_20" negated="ON"/></pterm><pterm id="FB1_9"><signal id="N_PZ_28"/><signal id="Temp0_SPECSIG"/></pterm><pterm id="FB1_10"><signal id="opCode3_SPECSIG"/><signal id="opCode2_SPECSIG"/><signal id="opCode1_SPECSIG"/><signal id="registerA0_SPECSIG" negated="ON"/></pterm><pterm id="FB1_11"><signal id="opCode3_SPECSIG"/><signal id="opCode2_SPECSIG" negated="ON"/><signal id="opCode1_SPECSIG"/><signal id="N_PZ_17" negated="ON"/><signal id="opCode0_SPECSIG"/></pterm><pterm id="FB1_12"><signal id="N_PZ_28"/><signal id="Temp1_SPECSIG" negated="ON"/></pterm><pterm id="FB1_13"><signal id="registerA2_SPECSIG" negated="ON"/><signal id="opCode2_SPECSIG"/><signal id="opCode1_SPECSIG" negated="ON"/><signal id="N_PZ_28" negated="ON"/></pterm><pterm id="FB1_14"><signal id="opCode3_SPECSIG" negated="ON"/><signal id="opCode2_SPECSIG"/><signal id="registerA1_SPECSIG" negated="ON"/><signal id="registerA0_SPECSIG"/><signal id="N_PZ_28" negated="ON"/></pterm><pterm id="FB1_15"><signal id="opCode3_SPECSIG" negated="ON"/><signal id="registerA1_SPECSIG" negated="ON"/><signal id="registerA0_SPECSIG" negated="ON"/><signal id="opCode0_SPECSIG"/><signal id="N_PZ_28" negated="ON"/></pterm><pterm id="FB1_16"><signal id="opCode1_SPECSIG"/><signal id="registerA0_SPECSIG" negated="ON"/><signal id="opCode0_SPECSIG" negated="ON"/><signal id="N_PZ_65"/></pterm><pterm id="FB1_17"><signal id="registerA1_SPECSIG" negated="ON"/><signal id="N_PZ_28" negated="ON"/><signal id="N_PZ_65"/></pterm><pterm id="FB1_18"><signal id="opCode3_SPECSIG"/><signal id="opCode2_SPECSIG" negated="ON"/><signal id="opCode1_SPECSIG" negated="ON"/><signal id="N_PZ_17"/><signal id="N_PZ_65" negated="ON"/></pterm><pterm id="FB1_19"><signal id="opCode3_SPECSIG"/><signal id="opCode2_SPECSIG" negated="ON"/><signal id="N_PZ_17" negated="ON"/><signal id="registerB1_SPECSIG" negated="ON"/><signal id="N_PZ_65" negated="ON"/></pterm><pterm id="FB1_20"><signal id="opCode3_SPECSIG" negated="ON"/><signal id="registerA1_SPECSIG"/><signal id="registerA0_SPECSIG"/><signal id="N_PZ_28" negated="ON"/><signal id="N_PZ_65" negated="ON"/></pterm><pterm id="FB1_21"><signal id="opCode3_SPECSIG"/><signal id="opCode2_SPECSIG" negated="ON"/><signal id="opCode1_SPECSIG"/><signal id="opCode0_SPECSIG"/><signal id="N_PZ_71"/></pterm><pterm id="FB1_22"><signal id="N_PZ_28"/><signal id="Temp2_SPECSIG" negated="ON"/></pterm><pterm id="FB1_23"><signal id="registerA2_SPECSIG" negated="ON"/><signal id="opCode3_SPECSIG" negated="ON"/><signal id="registerA1_SPECSIG" negated="ON"/><signal id="registerA0_SPECSIG"/><signal id="N_PZ_28" negated="ON"/></pterm><pterm id="FB1_24"><signal id="registerA2_SPECSIG" negated="ON"/><signal id="opCode3_SPECSIG" negated="ON"/><signal id="registerA0_SPECSIG" negated="ON"/><signal id="opCode0_SPECSIG"/><signal id="N_PZ_28" negated="ON"/></pterm><pterm id="FB1_25"><signal id="registerA2_SPECSIG" negated="ON"/><signal id="opCode3_SPECSIG" negated="ON"/><signal id="N_PZ_65"/></pterm><pterm id="FB1_26"><signal id="opCode3_SPECSIG"/><signal id="opCode2_SPECSIG"/><signal id="opCode1_SPECSIG"/><signal id="N_PZ_65" negated="ON"/></pterm><pterm id="FB1_27"><signal id="registerA3_SPECSIG" negated="ON"/><signal id="opCode3_SPECSIG"/><signal id="opCode2_SPECSIG"/><signal id="N_PZ_65" negated="ON"/></pterm><pterm id="FB1_28"><signal id="registerA2_SPECSIG"/><signal id="opCode2_SPECSIG"/><signal id="opCode1_SPECSIG"/><signal id="registerA0_SPECSIG" negated="ON"/><signal id="opCode0_SPECSIG" negated="ON"/><signal id="N_PZ_65" negated="ON"/></pterm><pterm id="FB1_29"><signal id="registerB2_SPECSIG" negated="ON"/><signal id="opCode3_SPECSIG"/><signal id="opCode2_SPECSIG" negated="ON"/><signal id="N_PZ_71"/><signal id="N_PZ_65" negated="ON"/></pterm><pterm id="FB1_30"><signal id="opCode3_SPECSIG"/><signal id="opCode2_SPECSIG" negated="ON"/><signal id="opCode1_SPECSIG" negated="ON"/><signal id="N_PZ_71" negated="ON"/><signal id="N_PZ_65" negated="ON"/></pterm><pterm id="FB1_31"><signal id="registerA2_SPECSIG"/><signal id="opCode3_SPECSIG" negated="ON"/><signal id="registerA1_SPECSIG"/><signal id="registerA0_SPECSIG"/><signal id="N_PZ_28" negated="ON"/><signal id="N_PZ_65" negated="ON"/></pterm><pterm id="FB1_32"><signal id="registerA2_SPECSIG"/><signal id="opCode3_SPECSIG"/><signal id="opCode2_SPECSIG"/><signal id="opCode1_SPECSIG"/></pterm><pterm id="FB1_33"><signal id="registerA3_SPECSIG"/><signal id="opCode3_SPECSIG" negated="ON"/><signal id="opCode2_SPECSIG"/><signal id="opCode1_SPECSIG"/><signal id="opCode0_SPECSIG"/></pterm><pterm id="FB1_34"><signal id="registerA3_SPECSIG"/><signal id="opCode3_SPECSIG"/><signal id="opCode2_SPECSIG" negated="ON"/><signal id="opCode1_SPECSIG"/><signal id="opCode0_SPECSIG" negated="ON"/></pterm><pterm id="FB1_35"><signal id="registerA3_SPECSIG"/><signal id="opCode3_SPECSIG" negated="ON"/><signal id="opCode2_SPECSIG" negated="ON"/><signal id="opCode1_SPECSIG" negated="ON"/><signal id="registerA1_SPECSIG" negated="ON"/></pterm><pterm id="FB1_36"><signal id="registerA3_SPECSIG"/><signal id="registerA2_SPECSIG"/><signal id="opCode2_SPECSIG"/><signal id="opCode1_SPECSIG"/></pterm><pterm id="FB1_37"><signal id="registerA3_SPECSIG"/><signal id="registerA2_SPECSIG" negated="ON"/><signal id="opCode3_SPECSIG" negated="ON"/><signal id="opCode2_SPECSIG" negated="ON"/><signal id="opCode1_SPECSIG" negated="ON"/></pterm><pterm id="FB1_38"><signal id="registerA3_SPECSIG"/><signal id="registerB3_SPECSIG"/><signal id="opCode3_SPECSIG"/><signal id="opCode2_SPECSIG" negated="ON"/><signal id="opCode1_SPECSIG" negated="ON"/><signal id="opCode0_SPECSIG"/></pterm><pterm id="FB1_39"><signal id="registerA3_SPECSIG"/><signal id="registerB3_SPECSIG" negated="ON"/><signal id="opCode3_SPECSIG"/><signal id="opCode2_SPECSIG" negated="ON"/><signal id="opCode1_SPECSIG"/></pterm><pterm id="FB1_40"><signal id="registerA3_SPECSIG" negated="ON"/><signal id="registerB3_SPECSIG"/><signal id="opCode3_SPECSIG"/><signal id="opCode2_SPECSIG" negated="ON"/><signal id="opCode1_SPECSIG"/></pterm><pterm id="FB1_41"><signal id="registerA3_SPECSIG"/><signal id="opCode3_SPECSIG" negated="ON"/><signal id="opCode2_SPECSIG"/><signal id="opCode1_SPECSIG"/><signal id="registerA0_SPECSIG"/></pterm><pterm id="FB1_42"><signal id="registerA3_SPECSIG" negated="ON"/><signal id="registerA2_SPECSIG"/><signal id="opCode3_SPECSIG" negated="ON"/><signal id="opCode2_SPECSIG" negated="ON"/><signal id="opCode1_SPECSIG" negated="ON"/><signal id="registerA1_SPECSIG"/><signal id="registerA0_SPECSIG"/><signal id="opCode0_SPECSIG"/></pterm><pterm id="FB1_43"><signal id="registerA3_SPECSIG"/><signal id="opCode3_SPECSIG" negated="ON"/><signal id="opCode2_SPECSIG" negated="ON"/><signal id="opCode1_SPECSIG" negated="ON"/><signal id="registerA0_SPECSIG" negated="ON"/></pterm><pterm id="FB1_44"><signal id="registerA3_SPECSIG" negated="ON"/><signal id="registerA2_SPECSIG" negated="ON"/><signal id="opCode3_SPECSIG" negated="ON"/><signal id="opCode2_SPECSIG"/><signal id="opCode1_SPECSIG"/><signal id="registerA1_SPECSIG" negated="ON"/><signal id="registerA0_SPECSIG" negated="ON"/><signal id="opCode0_SPECSIG" negated="ON"/></pterm><pterm id="FB1_45"><signal id="N_PZ_28"/><signal id="Temp3_SPECSIG"/></pterm><pterm id="FB1_46"><signal id="registerA3_SPECSIG"/><signal id="opCode3_SPECSIG" negated="ON"/><signal id="N_PZ_65"/></pterm><pterm id="FB1_47"><signal id="registerA1_SPECSIG"/><signal id="N_PZ_17"/><signal id="N_PZ_71"/></pterm><pterm id="FB1_48"><signal id="N_PZ_17" negated="ON"/><signal id="registerA0_SPECSIG"/><signal id="N_PZ_20" negated="ON"/><signal id="N_PZ_71"/></pterm><pterm id="FB1_49"><signal id="N_PZ_20" negated="ON"/><signal id="N_PZ_28"/></pterm><pterm id="FB1_50"><signal id="registerB2_SPECSIG" negated="ON"/><signal id="N_PZ_71" negated="ON"/></pterm><pterm id="FB1_51"><signal id="N_PZ_16"/><signal id="registerA0_SPECSIG"/><signal id="N_PZ_20"/><signal id="N_PZ_28"/></pterm><pterm id="FB1_52"><signal id="N_PZ_17"/><signal id="N_PZ_28"/></pterm><pterm id="FB1_53"><signal id="N_PZ_16"/><signal id="N_PZ_20" negated="ON"/><signal id="opCode0_SPECSIG"/><signal id="N_PZ_28"/></pterm><pterm id="FB1_54"><signal id="N_PZ_16" negated="ON"/><signal id="registerA0_SPECSIG" negated="ON"/><signal id="N_PZ_20" negated="ON"/><signal id="N_PZ_28"/></pterm><pterm id="FB1_55"><signal id="N_PZ_16"/><signal id="opCode0_SPECSIG"/><signal id="N_PZ_28"/></pterm></PAL><bct id="FB1_bct4" use="CTC"><eq_pterm ptindx="FB1_4"/></bct><equation id="dataOut2_SPECSIG" negated="ON"><d2><eq_pterm ptindx="FB1_22"/><eq_pterm ptindx="FB1_25"/><eq_pterm ptindx="FB1_27"/><eq_pterm ptindx="FB1_26"/><eq_pterm ptindx="FB1_29"/><eq_pterm ptindx="FB1_23"/><eq_pterm ptindx="FB1_24"/><eq_pterm ptindx="FB1_21"/><eq_pterm ptindx="FB1_30"/><eq_pterm ptindx="FB1_31"/><eq_pterm ptindx="FB1_28"/></d2></equation><equation id="dataOut3_SPECSIG"><d2><eq_pterm ptindx="FB1_45"/><eq_pterm ptindx="FB1_46"/><eq_pterm ptindx="FB1_36"/><eq_pterm ptindx="FB1_32"/><eq_pterm ptindx="FB1_39"/><eq_pterm ptindx="FB1_37"/><eq_pterm ptindx="FB1_34"/><eq_pterm ptindx="FB1_41"/><eq_pterm ptindx="FB1_33"/><eq_pterm ptindx="FB1_35"/><eq_pterm ptindx="FB1_43"/><eq_pterm ptindx="FB1_40"/><eq_pterm ptindx="FB1_38"/><eq_pterm ptindx="FB1_42"/><eq_pterm ptindx="FB1_44"/></d2></equation><equation id="dataOut1_SPECSIG" negated="ON"><d2><eq_pterm ptindx="FB1_12"/><eq_pterm ptindx="FB1_17"/><eq_pterm ptindx="FB1_13"/><eq_pterm ptindx="FB1_10"/><eq_pterm ptindx="FB1_16"/><eq_pterm ptindx="FB1_11"/><eq_pterm ptindx="FB1_18"/><eq_pterm ptindx="FB1_19"/><eq_pterm ptindx="FB1_14"/><eq_pterm ptindx="FB1_20"/><eq_pterm ptindx="FB1_15"/></d2></equation><equation id="dataOut0_SPECSIG"><d2><eq_pterm ptindx="FB1_9"/><eq_pterm ptindx="FB1_0"/><eq_pterm ptindx="FB1_8"/><eq_pterm ptindx="FB1_2"/><eq_pterm ptindx="FB1_1"/><eq_pterm ptindx="FB1_6"/><eq_pterm ptindx="FB1_3"/><eq_pterm ptindx="FB1_7"/><eq_pterm ptindx="FB1_5"/></d2></equation><equation id="Temp0_SPECSIG" regUse="LATCH"><d1><eq_pterm ptindx="FB1_49"/></d1><d2><eq_pterm ptindx="FB1_55"/></d2><clk><eq_pterm ptindx="FB1_4"/></clk><prld ptindx="GND"/></equation><equation id="Temp1_SPECSIG" regUse="LATCH"><d1><eq_pterm ptindx="FB1_52"/></d1><d2><eq_pterm ptindx="FB1_51"/><eq_pterm ptindx="FB1_53"/><eq_pterm ptindx="FB1_54"/></d2><clk><eq_pterm ptindx="FB1_4"/></clk><prld ptindx="GND"/></equation><equation id="Madd_Temp_addsub0001__or0001"><d2><eq_pterm ptindx="FB1_50"/><eq_pterm ptindx="FB1_47"/><eq_pterm ptindx="FB1_48"/></d2></equation></fblock><fblock id="FB2" pinUse="9"><macrocell id="FB2_MC1" pin="FB2_MC1_PIN39" sigUse="2" signal="carryOut"><eq_pterm ptindx="FB2_10"/></macrocell><macrocell id="FB2_MC2" pin="FB2_MC2_PIN40"/><macrocell id="FB2_MC3" sigUse="5" signal="N_PZ_28"><eq_pterm ptindx="FB2_21"/><eq_pterm ptindx="FB2_19"/><eq_pterm ptindx="FB2_20"/></macrocell><macrocell id="FB2_MC4" sigUse="2" signal="N_PZ_71"><eq_pterm ptindx="FB2_17"/><eq_pterm ptindx="FB2_18"/></macrocell><macrocell id="FB2_MC5" pin="FB2_MC5_PIN41"/><macrocell id="FB2_MC6" pin="FB2_MC6_PIN42" sigUse="2" signal="N_PZ_20"><eq_pterm ptindx="FB2_32"/><eq_pterm ptindx="FB2_33"/></macrocell><macrocell id="FB2_MC7" pin="FB2_MC7_PIN43" sigUse="2" signal="N_PZ_17"><eq_pterm ptindx="FB2_30"/><eq_pterm ptindx="FB2_31"/></macrocell><macrocell id="FB2_MC8" pin="FB2_MC8_PIN44" sigUse="5" signal="N_PZ_68"><eq_pterm ptindx="FB2_21"/><eq_pterm ptindx="FB2_28"/><eq_pterm ptindx="FB2_29"/></macrocell><macrocell id="FB2_MC9" sigUse="4" signal="Temp2_SPECSIG"><eq_pterm ptindx="FB2_34"/><eq_pterm ptindx="FB2_15"/><eq_pterm ptindx="FB2_16"/></macrocell><macrocell id="FB2_MC10" pin="FB2_MC10_PIN1" sigUse="6" signal="Madd_Temp_addsub0000__or0001"><eq_pterm ptindx="FB2_24"/><eq_pterm ptindx="FB2_26"/><eq_pterm ptindx="FB2_25"/><eq_pterm ptindx="FB2_27"/></macrocell><macrocell id="FB2_MC11" sigUse="7" signal="Madd_Temp_addsub0000__or0002"><eq_pterm ptindx="FB2_12"/><eq_pterm ptindx="FB2_14"/><eq_pterm ptindx="FB2_13"/></macrocell><macrocell id="FB2_MC12" pin="FB2_MC12_PIN2" sigUse="4" signal="N_PZ_65"><eq_pterm ptindx="FB2_23"/><eq_pterm ptindx="FB2_22"/></macrocell><macrocell id="FB2_MC13" pin="FB2_MC13_PIN3" sigUse="3" signal="N_PZ_16"><eq_pterm ptindx="FB2_46"/></macrocell><macrocell id="FB2_MC14" sigUse="3" signal="N_PZ_26"><eq_pterm ptindx="FB2_49"/><eq_pterm ptindx="FB2_11"/><eq_pterm ptindx="FB2_9"/></macrocell><macrocell id="FB2_MC15" sigUse="7" signal="Temp4_SPECSIG"><eq_pterm ptindx="FB2_8"/><eq_pterm ptindx="FB2_1"/><eq_pterm ptindx="FB2_7"/><eq_pterm ptindx="FB2_5"/><eq_pterm ptindx="FB2_6"/><eq_pterm ptindx="FB2_2"/><eq_pterm ptindx="FB2_3"/></macrocell><macrocell id="FB2_MC16" sigUse="4" signal="Temp3_SPECSIG"><eq_pterm ptindx="FB2_55"/><eq_pterm ptindx="FB2_0"/></macrocell><fbinput id="FB2_I1" signal="Madd_Temp_addsub0000__or0001"/><fbinput id="FB2_I2" signal="Madd_Temp_addsub0000__or0002"/><fbinput id="FB2_I3" signal="Madd_Temp_addsub0001__or0001"/><fbinput id="FB2_I4" signal="N_PZ_16"/><fbinput id="FB2_I5" signal="N_PZ_17"/><fbinput id="FB2_I6" signal="N_PZ_20"/><fbinput id="FB2_I7" signal="N_PZ_26"/><fbinput id="FB2_I8" signal="N_PZ_28"/><fbinput id="FB2_I9" signal="N_PZ_68"/><fbinput id="FB2_I10" signal="N_PZ_71"/><fbinput id="FB2_I11" signal="Temp4_SPECSIG"/><fbinput id="FB2_I12" signal="opCode0_SPECSIG"/><fbinput id="FB2_I13" signal="opCode1_SPECSIG"/><fbinput id="FB2_I14" signal="opCode2_SPECSIG"/><fbinput id="FB2_I15" signal="opCode3_SPECSIG"/><fbinput id="FB2_I16" signal="registerA0_SPECSIG"/><fbinput id="FB2_I17" signal="registerA1_SPECSIG"/><fbinput id="FB2_I18" signal="registerA2_SPECSIG"/><fbinput id="FB2_I19" signal="registerA3_SPECSIG"/><fbinput id="FB2_I20" signal="registerB0_SPECSIG"/><fbinput id="FB2_I21" signal="registerB1_SPECSIG"/><fbinput id="FB2_I22" signal="registerB2_SPECSIG"/><fbinput id="FB2_I23" signal="registerB3_SPECSIG"/><PAL><pterm id="FB2_0"><signal id="N_PZ_16" negated="ON"/><signal id="Madd_Temp_addsub0001__or0001" negated="ON"/><signal id="N_PZ_28"/></pterm><pterm id="FB2_1"><signal id="registerA3_SPECSIG" negated="ON"/><signal id="N_PZ_26"/><signal id="N_PZ_16"/></pterm><pterm id="FB2_2"><signal id="N_PZ_26" negated="ON"/><signal id="registerB3_SPECSIG"/><signal id="N_PZ_16" negated="ON"/><signal id="Madd_Temp_addsub0001__or0001" negated="ON"/></pterm><pterm id="FB2_3"><signal id="N_PZ_26" negated="ON"/><signal id="registerB3_SPECSIG" negated="ON"/><signal id="Madd_Temp_addsub0000__or0002"/><signal id="N_PZ_16" negated="ON"/><signal id="Madd_Temp_addsub0001__or0001"/></pterm><pterm id="FB2_4"><signal id="N_PZ_28"/></pterm><pterm id="FB2_5"><signal id="N_PZ_26"/><signal id="registerB3_SPECSIG"/><signal id="Madd_Temp_addsub0000__or0002" negated="ON"/></pterm><pterm id="FB2_6"><signal id="registerB3_SPECSIG" negated="ON"/><signal id="Madd_Temp_addsub0000__or0002" negated="ON"/><signal id="N_PZ_16"/></pterm><pterm id="FB2_7"><signal id="registerA3_SPECSIG" negated="ON"/><signal id="Madd_Temp_addsub0000__or0002" negated="ON"/><signal id="Madd_Temp_addsub0001__or0001" negated="ON"/></pterm><pterm id="FB2_8"><signal id="N_PZ_28" negated="ON"/></pterm><pterm id="FB2_9"><signal id="registerA3_SPECSIG" negated="ON"/><signal id="Madd_Temp_addsub0000__or0002"/></pterm><pterm id="FB2_10"><signal id="Temp4_SPECSIG"/><signal id="N_PZ_28"/></pterm><pterm id="FB2_11"><signal id="registerA3_SPECSIG"/><signal id="Madd_Temp_addsub0000__or0002" negated="ON"/></pterm><pterm id="FB2_12"><signal id="registerB2_SPECSIG"/><signal id="registerA2_SPECSIG"/><signal id="N_PZ_16"/></pterm><pterm id="FB2_13"><signal id="N_PZ_16" negated="ON"/><signal id="Madd_Temp_addsub0000__or0001"/><signal id="Madd_Temp_addsub0001__or0001" negated="ON"/><signal id="N_PZ_71"/></pterm><pterm id="FB2_14"><signal id="Madd_Temp_addsub0000__or0001"/><signal id="N_PZ_71" negated="ON"/><signal id="N_PZ_68"/></pterm><pterm id="FB2_15"><signal id="N_PZ_71"/><signal id="N_PZ_68" negated="ON"/><signal id="N_PZ_28"/></pterm><pterm id="FB2_16"><signal id="N_PZ_71" negated="ON"/><signal id="N_PZ_68"/><signal id="N_PZ_28"/></pterm><pterm id="FB2_17"><signal id="registerB2_SPECSIG"/><signal id="registerA2_SPECSIG"/></pterm><pterm id="FB2_18"><signal id="registerB2_SPECSIG" negated="ON"/><signal id="registerA2_SPECSIG" negated="ON"/></pterm><pterm id="FB2_19"><signal id="opCode3_SPECSIG" negated="ON"/><signal id="opCode2_SPECSIG"/><signal id="opCode1_SPECSIG" negated="ON"/></pterm><pterm id="FB2_20"><signal id="opCode3_SPECSIG"/><signal id="opCode2_SPECSIG" negated="ON"/><signal id="opCode1_SPECSIG" negated="ON"/><signal id="opCode0_SPECSIG" negated="ON"/></pterm><pterm id="FB2_21"><signal id="N_PZ_16"/></pterm><pterm id="FB2_22"><signal id="opCode2_SPECSIG" negated="ON"/><signal id="opCode1_SPECSIG" negated="ON"/><signal id="opCode0_SPECSIG" negated="ON"/></pterm><pterm id="FB2_23"><signal id="opCode2_SPECSIG"/><signal id="opCode1_SPECSIG"/><signal id="registerA1_SPECSIG"/></pterm><pterm id="FB2_24"><signal id="N_PZ_16"/><signal id="registerA1_SPECSIG"/><signal id="N_PZ_17" negated="ON"/></pterm><pterm id="FB2_25"><signal id="N_PZ_16"/><signal id="N_PZ_17"/><signal id="registerA0_SPECSIG"/><signal id="N_PZ_20"/></pterm><pterm id="FB2_26"><signal id="N_PZ_16" negated="ON"/><signal id="N_PZ_17" negated="ON"/><signal id="N_PZ_20"/></pterm><pterm id="FB2_27"><signal id="N_PZ_16"/><signal id="N_PZ_17"/><signal id="N_PZ_20" negated="ON"/><signal id="opCode0_SPECSIG"/></pterm><pterm id="FB2_28"><signal id="registerA1_SPECSIG"/><signal id="N_PZ_17"/></pterm><pterm id="FB2_29"><signal id="N_PZ_17" negated="ON"/><signal id="registerA0_SPECSIG"/><signal id="N_PZ_20" negated="ON"/></pterm><pterm id="FB2_30"><signal id="registerA1_SPECSIG"/><signal id="registerB1_SPECSIG" negated="ON"/></pterm><pterm id="FB2_31"><signal id="registerA1_SPECSIG" negated="ON"/><signal id="registerB1_SPECSIG"/></pterm><pterm id="FB2_32"><signal id="registerA0_SPECSIG"/><signal id="registerB0_SPECSIG"/></pterm><pterm id="FB2_33"><signal id="registerA0_SPECSIG" negated="ON"/><signal id="registerB0_SPECSIG" negated="ON"/></pterm><pterm id="FB2_34"><signal id="Madd_Temp_addsub0000__or0001"/><signal id="N_PZ_28"/></pterm><pterm id="FB2_46"><signal id="opCode3_SPECSIG" negated="ON"/><signal id="opCode2_SPECSIG" negated="ON"/><signal id="opCode1_SPECSIG"/></pterm><pterm id="FB2_49"><signal id="registerB3_SPECSIG"/></pterm><pterm id="FB2_55"><signal id="N_PZ_26"/><signal id="N_PZ_28"/></pterm></PAL><bct id="FB2_bct4" use="CTC"><eq_pterm ptindx="FB2_4"/></bct><equation id="carryOut"><d1><eq_pterm ptindx="FB2_10"/></d1></equation><equation id="N_PZ_28"><d2><eq_pterm ptindx="FB2_21"/><eq_pterm ptindx="FB2_19"/><eq_pterm ptindx="FB2_20"/></d2></equation><equation id="N_PZ_71"><d2><eq_pterm ptindx="FB2_17"/><eq_pterm ptindx="FB2_18"/></d2></equation><equation id="N_PZ_20"><d2><eq_pterm ptindx="FB2_32"/><eq_pterm ptindx="FB2_33"/></d2></equation><equation id="N_PZ_17"><d2><eq_pterm ptindx="FB2_30"/><eq_pterm ptindx="FB2_31"/></d2></equation><equation id="N_PZ_68"><d2><eq_pterm ptindx="FB2_21"/><eq_pterm ptindx="FB2_28"/><eq_pterm ptindx="FB2_29"/></d2></equation><equation id="Temp2_SPECSIG" regUse="LATCH"><d1><eq_pterm ptindx="FB2_34"/></d1><d2><eq_pterm ptindx="FB2_15"/><eq_pterm ptindx="FB2_16"/></d2><clk><eq_pterm ptindx="FB2_4"/></clk><prld ptindx="GND"/></equation><equation id="Madd_Temp_addsub0000__or0001"><d2><eq_pterm ptindx="FB2_24"/><eq_pterm ptindx="FB2_26"/><eq_pterm ptindx="FB2_25"/><eq_pterm ptindx="FB2_27"/></d2></equation><equation id="Madd_Temp_addsub0000__or0002"><d2><eq_pterm ptindx="FB2_12"/><eq_pterm ptindx="FB2_14"/><eq_pterm ptindx="FB2_13"/></d2></equation><equation id="N_PZ_65"><d2><eq_pterm ptindx="FB2_23"/><eq_pterm ptindx="FB2_22"/></d2></equation><equation id="N_PZ_16"><d1><eq_pterm ptindx="FB2_46"/></d1></equation><equation id="N_PZ_26"><d1><eq_pterm ptindx="FB2_49"/></d1><d2><eq_pterm ptindx="FB2_11"/><eq_pterm ptindx="FB2_9"/></d2></equation><equation id="Temp4_SPECSIG" negated="ON" regUse="LATCH"><d2><eq_pterm ptindx="FB2_8"/><eq_pterm ptindx="FB2_1"/><eq_pterm ptindx="FB2_7"/><eq_pterm ptindx="FB2_5"/><eq_pterm ptindx="FB2_6"/><eq_pterm ptindx="FB2_2"/><eq_pterm ptindx="FB2_3"/></d2><clk><eq_pterm ptindx="FB2_4"/></clk><prld ptindx="GND"/></equation><equation id="Temp3_SPECSIG" regUse="LATCH"><d1><eq_pterm ptindx="FB2_55"/></d1><d2><eq_pterm ptindx="FB2_0"/></d2><clk><eq_pterm ptindx="FB2_4"/></clk><prld ptindx="GND"/></equation></fblock><fblock id="FB3" pinUse="0"><macrocell id="FB3_MC1" pin="FB3_MC1_PIN29"/><macrocell id="FB3_MC2" pin="FB3_MC2_PIN28"/><macrocell id="FB3_MC3" pin="FB3_MC3_PIN27"/><macrocell id="FB3_MC4"/><macrocell id="FB3_MC5"/><macrocell id="FB3_MC6" pin="FB3_MC6_PIN23"/><macrocell id="FB3_MC7"/><macrocell id="FB3_MC8"/><macrocell id="FB3_MC9"/><macrocell id="FB3_MC10" pin="FB3_MC10_PIN22"/><macrocell id="FB3_MC11" pin="FB3_MC11_PIN21"/><macrocell id="FB3_MC12" pin="FB3_MC12_PIN20"/><macrocell id="FB3_MC13"/><macrocell id="FB3_MC14" pin="FB3_MC14_PIN19"/><macrocell id="FB3_MC15" pin="FB3_MC15_PIN18"/><macrocell id="FB3_MC16"/><PAL/></fblock><fblock id="FB4" pinUse="0"><macrocell id="FB4_MC1" pin="FB4_MC1_PIN5"/><macrocell id="FB4_MC2" pin="FB4_MC2_PIN6"/><macrocell id="FB4_MC3"/><macrocell id="FB4_MC4"/><macrocell id="FB4_MC5"/><macrocell id="FB4_MC6"/><macrocell id="FB4_MC7" pin="FB4_MC7_PIN8"/><macrocell id="FB4_MC8"/><macrocell id="FB4_MC9"/><macrocell id="FB4_MC10"/><macrocell id="FB4_MC11" pin="FB4_MC11_PIN12"/><macrocell id="FB4_MC12"/><macrocell id="FB4_MC13" pin="FB4_MC13_PIN13"/><macrocell id="FB4_MC14" pin="FB4_MC14_PIN14"/><macrocell id="FB4_MC15" pin="FB4_MC15_PIN16"/><macrocell id="FB4_MC16"/><PAL/></fblock><vcc/><gnd/><messages><warning>Cpld - Unable to retrieve the path to the iSE Project Repository. Will   use the default filename of 'FourBitALU.ise'.</warning></messages><compOpts blkfanin="38" datagate="ON" exhaust="OFF" gclkopt="ON" gsropt="ON" gtsopt="ON" ignoredg="OFF" ignorets="OFF" inputs="32" inreg="ON" iostd="LVCMOS18" keepio="OFF" loc="ON" mlopt="ON" optimize="DENSITY" part="xc2c64a-7-VQ44" prld="LOW" pterms="28" slew="FAST" terminate="KEEPER" unused="KEEPER" wysiwyg="OFF"/><specSig signal="registerA3_SPECSIG" value="registerA&lt;3&gt;"/><specSig signal="registerB3_SPECSIG" value="registerB&lt;3&gt;"/><specSig signal="registerB2_SPECSIG" value="registerB&lt;2&gt;"/><specSig signal="registerA2_SPECSIG" value="registerA&lt;2&gt;"/><specSig signal="opCode3_SPECSIG" value="opCode&lt;3&gt;"/><specSig signal="opCode2_SPECSIG" value="opCode&lt;2&gt;"/><specSig signal="opCode1_SPECSIG" value="opCode&lt;1&gt;"/><specSig signal="registerA1_SPECSIG" value="registerA&lt;1&gt;"/><specSig signal="registerB1_SPECSIG" value="registerB&lt;1&gt;"/><specSig signal="registerA0_SPECSIG" value="registerA&lt;0&gt;"/><specSig signal="registerB0_SPECSIG" value="registerB&lt;0&gt;"/><specSig signal="opCode0_SPECSIG" value="opCode&lt;0&gt;"/><specSig signal="dataOut2_SPECSIG" value="dataOut&lt;2&gt;"/><specSig signal="dataOut3_SPECSIG" value="dataOut&lt;3&gt;"/><specSig signal="dataOut1_SPECSIG" value="dataOut&lt;1&gt;"/><specSig signal="dataOut0_SPECSIG" value="dataOut&lt;0&gt;"/><specSig signal="Temp0_SPECSIG" value="Temp&lt;0&gt;"/><specSig signal="Temp1_SPECSIG" value="Temp&lt;1&gt;"/><specSig signal="Temp2_SPECSIG" value="Temp&lt;2&gt;"/><specSig signal="Temp3_SPECSIG" value="Temp&lt;3&gt;"/><specSig signal="Temp4_SPECSIG" value="Temp&lt;4&gt;"/></document>
